Date	Price	Open	High	Low	Vol.	Change %
Mar 20, 2025	650.00	650.00	660.00	646.00	4.84M	+0.78%
Mar 19, 2025	645.00	650.00	655.00	644.00	4.41M	-1.68%
Mar 18, 2025	656.00	630.00	656.00	630.00	8.65M	+5.13%
Mar 17, 2025	624.00	613.00	626.00	610.00	4.51M	+2.63%
Mar 14, 2025	608.00	614.00	614.00	605.00	3.94M	0.00%
Mar 13, 2025	608.00	611.00	627.00	607.00	7.84M	+1.33%
Mar 12, 2025	600.00	600.00	621.00	595.00	20.31M	-8.26%
Mar 11, 2025	654.00	644.00	661.00	639.00	3.51M	0.00%
Mar 10, 2025	654.00	658.00	664.00	651.00	3.19M	-0.76%
Mar 07, 2025	659.00	670.00	675.00	659.00	2.63M	-2.23%
Mar 06, 2025	674.00	676.00	684.00	674.00	1.73M	-0.59%
Mar 05, 2025	678.00	672.00	682.00	671.00	2.06M	+1.19%
Mar 04, 2025	670.00	661.00	673.00	657.00	3.35M	+0.15%
Mar 03, 2025	669.00	670.00	683.00	666.00	3.41M	-1.91%
Feb 27, 2025	682.00	697.00	697.00	677.00	4.74M	-2.29%
Feb 26, 2025	698.00	690.00	700.00	685.00	3.08M	+1.01%
Feb 25, 2025	691.00	693.00	704.00	685.00	3.33M	-1.00%
Feb 24, 2025	698.00	707.00	715.00	696.00	1.96M	-1.55%
Feb 21, 2025	709.00	697.00	713.00	696.00	3.83M	+2.31%
Feb 20, 2025	693.00	689.00	704.00	689.00	3.06M	+0.29%
Feb 19, 2025	691.00	700.00	702.00	688.00	3.29M	-1.00%
Feb 18, 2025	698.00	685.00	702.00	682.00	3.88M	+2.50%
Feb 17, 2025	681.00	675.00	683.00	675.00	1.68M	+0.44%
Feb 14, 2025	678.00	677.00	682.00	671.00	2.18M	-0.15%
Feb 13, 2025	679.00	680.00	685.00	674.00	1.78M	+0.59%
Feb 12, 2025	675.00	672.00	684.00	668.00	3.28M	+1.50%
Feb 11, 2025	665.00	662.00	669.00	658.00	2.44M	-0.60%
Feb 10, 2025	669.00	660.00	675.00	659.00	3.34M	+0.60%
Feb 07, 2025	665.00	649.00	665.00	649.00	3.71M	+1.99%
Feb 06, 2025	652.00	660.00	661.00	645.00	3.12M	-0.76%
Feb 05, 2025	657.00	645.00	661.00	643.00	4.86M	+1.55%
Feb 04, 2025	647.00	644.00	661.00	644.00	6.28M	-0.31%
Feb 03, 2025	649.00	600.00	655.00	598.00	11.64M	+6.92%
Jan 22, 2025	607.00	602.00	613.00	602.00	2.32M	+1.34%
Jan 21, 2025	599.00	613.00	613.00	598.00	2.79M	-1.80%
Jan 20, 2025	610.00	602.00	613.00	601.00	2.03M	+1.67%
Jan 17, 2025	600.00	601.00	605.00	596.00	1.74M	0.00%
Jan 16, 2025	600.00	600.00	607.00	598.00	2.25M	+1.52%
Jan 15, 2025	591.00	606.00	610.00	591.00	3.85M	-2.80%
Jan 14, 2025	608.00	608.00	611.00	605.00	3.02M	-0.16%
Jan 13, 2025	609.00	626.00	626.00	605.00	4.34M	-2.72%
Jan 10, 2025	626.00	630.00	632.00	623.00	2.90M	-1.11%
Jan 09, 2025	633.00	645.00	648.00	633.00	2.74M	-2.01%
Jan 08, 2025	646.00	647.00	660.00	642.00	4.55M	-0.31%
Jan 07, 2025	648.00	631.00	648.00	628.00	5.20M	+3.02%
Jan 06, 2025	629.00	630.00	632.00	618.00	3.48M	+0.96%
Jan 03, 2025	623.00	613.00	628.00	613.00	4.50M	+2.98%
Jan 02, 2025	605.00	616.00	635.00	602.00	4.50M	-1.79%
Dec 31, 2024	616.00	615.00	619.00	612.00	1.57M	-0.16%
Dec 30, 2024	617.00	621.00	625.00	617.00	1.21M	-1.12%
Dec 27, 2024	624.00	620.00	624.00	617.00	1.27M	+1.30%
Dec 26, 2024	616.00	618.00	622.00	616.00	1.55M	+0.49%
Dec 25, 2024	613.00	619.00	621.00	612.00	1.59M	-0.33%
Dec 24, 2024	615.00	615.00	620.00	610.00	2.76M	0.00%
Dec 23, 2024	615.00	609.00	622.00	606.00	4.46M	+2.50%
Dec 20, 2024	600.00	597.00	605.00	596.00	3.82M	-0.33%
Dec 19, 2024	602.00	598.00	602.00	586.00	3.69M	-1.15%
Dec 18, 2024	609.00	596.00	609.00	596.00	2.50M	+2.35%
Dec 17, 2024	595.00	600.00	603.00	595.00	4.01M	-1.00%
Dec 16, 2024	601.00	618.00	618.00	594.00	3.46M	-2.28%
Dec 13, 2024	615.00	611.00	615.00	606.00	2.17M	+1.15%
Dec 12, 2024	608.00	608.00	610.00	603.00	2.21M	+0.66%
Dec 11, 2024	604.00	602.00	606.00	598.00	2.01M	-0.17%
Dec 10, 2024	605.00	615.00	617.00	600.00	2.67M	-0.49%
Dec 09, 2024	608.00	599.00	608.00	597.00	2.56M	+1.67%
Dec 06, 2024	598.00	600.00	606.00	591.00	6.13M	-0.33%
Dec 05, 2024	600.00	600.00	608.00	596.00	6.32M	-0.17%
Dec 04, 2024	601.00	594.00	603.00	592.00	3.12M	+1.01%
Dec 03, 2024	595.00	610.00	612.00	586.00	5.36M	-1.16%
Dec 02, 2024	602.00	594.00	603.00	591.00	3.23M	+2.38%
Nov 29, 2024	588.00	579.00	597.00	574.00	4.37M	+1.20%
Nov 28, 2024	581.00	594.00	595.00	576.00	5.08M	-2.19%
Nov 27, 2024	594.00	614.00	617.00	592.00	7.75M	-3.73%
Nov 26, 2024	617.00	604.00	619.00	595.00	9.03M	+2.49%
Nov 25, 2024	602.00	612.00	623.00	602.00	14.05M	-1.47%
Nov 22, 2024	611.00	614.00	618.00	608.00	10.19M	+0.16%
Nov 21, 2024	610.00	620.00	625.00	610.00	9.35M	-1.45%
Nov 20, 2024	619.00	623.00	637.00	616.00	11.02M	-0.48%
Nov 19, 2024	622.00	619.00	642.00	617.00	13.12M	+1.63%
Nov 18, 2024	612.00	614.00	623.00	610.00	11.16M	+0.82%
Nov 15, 2024	607.00	625.00	646.00	604.00	8.73M	-2.57%
Nov 14, 2024	623.00	615.00	631.00	613.00	6.51M	+1.96%
Nov 13, 2024	611.00	611.00	617.00	607.00	2.95M	-0.16%
Nov 12, 2024	612.00	605.00	624.00	604.00	5.08M	-0.33%
Nov 11, 2024	614.00	625.00	625.00	598.00	7.41M	-1.13%
Nov 08, 2024	621.00	610.00	627.00	610.00	4.34M	+2.31%
Nov 07, 2024	607.00	602.00	616.00	601.00	3.26M	+0.17%
Nov 06, 2024	606.00	596.00	608.00	595.00	3.74M	+1.68%
Nov 05, 2024	596.00	595.00	600.00	592.00	2.33M	0.00%
Nov 04, 2024	596.00	580.00	597.00	580.00	2.40M	+2.23%
Nov 01, 2024	583.00	553.00	584.00	552.00	2.98M	+1.39%
Oct 30, 2024	575.00	587.00	588.00	575.00	3.46M	-1.54%
Oct 29, 2024	584.00	592.00	594.00	577.00	2.40M	-1.85%
Oct 28, 2024	595.00	596.00	598.00	591.00	1.66M	+0.68%
Oct 25, 2024	591.00	590.00	594.00	587.00	1.73M	+1.20%
Oct 24, 2024	584.00	589.00	592.00	584.00	2.10M	-1.18%
Oct 23, 2024	591.00	595.00	598.00	588.00	2.62M	-1.50%
Oct 22, 2024	600.00	590.00	602.00	586.00	3.88M	+1.69%
Oct 21, 2024	590.00	609.00	610.00	586.00	3.72M	-1.01%
Oct 18, 2024	596.00	602.00	613.00	596.00	5.11M	0.00%
Oct 17, 2024	596.00	597.00	602.00	591.00	1.97M	+0.85%
Oct 16, 2024	591.00	590.00	597.00	587.00	2.63M	-1.34%
Oct 15, 2024	599.00	586.00	607.00	586.00	5.06M	+2.74%
Oct 14, 2024	583.00	581.00	591.00	577.00	2.01M	-0.34%
Oct 11, 2024	585.00	591.00	592.00	580.00	2.59M	+1.39%
Oct 09, 2024	577.00	579.00	586.00	577.00	2.30M	0.00%
Oct 08, 2024	577.00	572.00	582.00	568.00	2.83M	-0.35%
Oct 07, 2024	579.00	570.00	584.00	569.00	4.23M	+3.02%
Oct 04, 2024	562.00	568.00	571.00	559.00	3.83M	-1.75%
Oct 01, 2024	572.00	555.00	577.00	553.00	3.37M	+3.44%
Sep 30, 2024	553.00	565.00	571.00	553.00	4.07M	-2.64%
Sep 27, 2024	568.00	578.00	583.00	567.00	3.10M	-1.22%
Sep 26, 2024	575.00	583.00	589.00	572.00	4.38M	-1.88%
Sep 25, 2024	586.00	597.00	598.00	582.00	4.51M	-1.35%
Sep 24, 2024	594.00	590.00	596.00	580.00	3.42M	+0.85%
Sep 23, 2024	589.00	588.00	592.00	581.00	4.69M	-0.34%
Sep 20, 2024	591.00	572.00	598.00	572.00	8.93M	+3.87%
Sep 19, 2024	569.00	555.00	569.00	551.00	5.50M	+4.02%
Sep 18, 2024	547.00	541.00	551.00	541.00	2.73M	+0.55%
Sep 16, 2024	544.00	541.00	546.00	538.00	1.21M	+0.18%
Sep 13, 2024	543.00	537.00	543.00	533.00	1.94M	+0.74%
Sep 12, 2024	539.00	535.00	543.00	530.00	3.28M	+3.06%
Sep 11, 2024	523.00	526.00	530.00	520.00	2.10M	-0.76%
Sep 10, 2024	527.00	536.00	539.00	522.00	3.54M	-1.13%
Sep 09, 2024	533.00	520.00	534.00	518.00	3.58M	+1.14%
Sep 06, 2024	527.00	522.00	536.00	516.00	2.43M	+1.15%
Sep 05, 2024	521.00	530.00	535.00	520.00	2.63M	-1.33%
Sep 04, 2024	528.00	522.00	537.00	512.00	4.47M	-4.00%
Sep 03, 2024	550.00	553.00	557.00	550.00	1.84M	-1.08%
Sep 02, 2024	556.00	547.00	562.00	542.00	4.86M	+3.54%
Aug 30, 2024	537.00	547.00	556.00	537.00	4.11M	-2.01%
Aug 29, 2024	548.00	542.00	552.00	540.00	3.49M	-0.72%
Aug 28, 2024	552.00	555.00	556.00	543.00	2.40M	-0.36%
Aug 27, 2024	554.00	542.00	562.00	542.00	6.36M	+1.47%
Aug 26, 2024	546.00	539.00	564.00	530.00	11.70M	+5.20%
Aug 23, 2024	519.00	512.00	519.00	508.00	1.74M	+0.19%
Aug 22, 2024	518.00	518.00	520.00	513.00	1.47M	+0.19%
Aug 21, 2024	517.00	524.00	524.00	511.00	3.28M	-0.39%
Aug 20, 2024	519.00	523.00	525.00	518.00	3.59M	-0.95%
Aug 19, 2024	524.00	521.00	531.00	516.00	3.37M	+0.96%
Aug 16, 2024	519.00	522.00	522.00	515.00	3.25M	+1.17%
Aug 15, 2024	513.00	512.00	518.00	505.00	3.74M	+0.59%
Aug 14, 2024	510.00	506.00	511.00	500.00	4.91M	+2.00%
Aug 13, 2024	500.00	501.00	509.00	496.00	4.03M	+0.20%
Aug 12, 2024	499.00	507.00	512.00	496.50	4.87M	-1.19%
Aug 09, 2024	505.00	509.00	511.00	497.00	8.60M	+0.60%
Aug 08, 2024	502.00	509.00	513.00	494.50	16.97M	+6.92%
Aug 07, 2024	469.50	433.50	473.50	433.00	6.12M	+7.81%
Aug 06, 2024	435.50	454.50	454.50	422.00	4.96M	+0.58%
Aug 05, 2024	433.00	450.00	452.50	426.00	5.48M	-8.26%
Aug 02, 2024	472.00	478.50	487.00	468.00	5.41M	-4.07%
Aug 01, 2024	492.00	470.00	492.00	469.00	7.36M	+7.89%
Jul 31, 2024	456.00	445.00	457.00	443.00	4.04M	+2.01%
Jul 30, 2024	447.00	444.00	447.00	433.00	4.27M	+0.56%
Jul 29, 2024	444.50	461.50	461.50	443.00	3.88M	-2.95%
Jul 26, 2024	458.00	471.00	472.00	447.50	6.35M	-4.28%
Jul 23, 2024	478.50	472.00	479.00	472.00	1.95M	+2.24%
Jul 22, 2024	468.00	480.00	480.50	459.50	3.68M	-2.80%
Jul 19, 2024	481.50	493.50	494.50	481.00	2.70M	-2.63%
Jul 18, 2024	494.50	489.00	496.50	486.00	3.14M	+0.20%
Jul 17, 2024	493.50	500.00	502.00	491.50	2.38M	-1.69%
Jul 16, 2024	502.00	496.00	502.00	492.50	1.80M	+0.70%
Jul 15, 2024	498.50	513.00	514.00	495.00	3.02M	-2.06%
Jul 12, 2024	509.00	517.00	517.00	507.00	3.34M	-0.78%
Jul 11, 2024	513.00	510.00	522.00	506.00	5.02M	+0.98%
Jul 10, 2024	508.00	506.00	514.00	495.00	10.33M	+4.42%
Jul 09, 2024	486.50	489.50	490.00	483.50	2.20M	+0.10%
Jul 08, 2024	486.00	484.00	488.00	480.00	1.87M	+0.62%
Jul 05, 2024	483.00	484.00	486.00	482.50	2.40M	+0.21%
Jul 04, 2024	482.00	482.00	492.50	481.00	4.47M	+0.52%
Jul 03, 2024	479.50	470.00	480.50	465.00	12.41M	-2.14%
Jul 02, 2024	490.00	492.00	493.50	486.00	5.01M	-1.11%
Jul 01, 2024	495.50	502.00	502.00	494.50	3.31M	-0.50%
Jun 28, 2024	498.00	501.00	504.00	498.00	3.56M	-0.99%
Jun 27, 2024	503.00	501.00	506.00	496.00	3.64M	-0.59%
Jun 26, 2024	506.00	503.00	512.00	501.00	2.88M	0.00%
Jun 25, 2024	506.00	510.00	511.00	500.00	4.71M	-1.36%
Jun 24, 2024	513.00	514.00	518.00	508.00	3.88M	+0.20%
Jun 21, 2024	512.00	507.00	518.00	505.00	4.52M	0.00%
Jun 20, 2024	512.00	505.00	516.00	504.00	3.41M	+1.99%
Jun 19, 2024	502.00	498.00	508.00	495.50	4.30M	+1.21%
Jun 18, 2024	496.00	492.00	497.50	490.50	3.63M	+1.43%
Jun 17, 2024	489.00	493.50	495.00	489.00	2.10M	-0.91%
Jun 14, 2024	493.50	495.00	496.00	490.00	3.93M	+1.33%
Jun 13, 2024	487.00	480.50	491.50	478.00	6.13M	+1.35%
Jun 12, 2024	480.50	480.00	484.50	477.00	4.40M	-0.21%
Jun 11, 2024	481.50	484.00	486.00	478.00	3.22M	-0.52%
Jun 07, 2024	484.00	493.00	494.00	477.00	6.32M	-1.83%
Jun 06, 2024	493.00	495.00	500.00	491.50	3.78M	+0.92%
Jun 05, 2024	488.50	498.00	499.00	486.50	6.80M	-1.51%
Jun 04, 2024	496.00	508.00	509.00	491.50	10.19M	-2.55%
Jun 03, 2024	509.00	522.00	527.00	508.00	7.72M	-0.78%
May 31, 2024	513.00	517.00	517.00	507.00	15.31M	-0.39%
May 30, 2024	515.00	515.00	516.00	508.00	11.60M	-1.72%
May 29, 2024	524.00	523.00	526.00	513.00	9.83M	-0.57%
May 28, 2024	527.00	535.00	536.00	517.00	15.15M	-2.41%
May 27, 2024	540.00	528.00	540.00	517.00	14.48M	+4.05%
May 24, 2024	519.00	508.00	524.00	503.00	10.95M	-0.19%
May 23, 2024	520.00	531.00	531.00	512.00	13.86M	-0.38%
May 22, 2024	522.00	499.50	535.00	493.00	20.48M	+6.75%
May 21, 2024	489.00	503.00	505.00	483.00	10.60M	-3.36%
May 20, 2024	506.00	518.00	521.00	501.00	8.35M	-1.94%
May 17, 2024	516.00	510.00	516.00	502.00	6.65M	0.00%
May 16, 2024	516.00	505.00	520.00	500.00	10.30M	+3.61%
May 15, 2024	498.00	513.00	517.00	495.50	11.12M	-2.73%
May 14, 2024	512.00	510.00	512.00	495.50	22.31M	+9.87%
May 13, 2024	466.00	473.00	476.00	459.00	3.22M	-0.96%
May 10, 2024	470.50	473.00	474.50	464.00	4.81M	-0.95%
May 09, 2024	475.00	460.50	483.00	460.00	8.52M	+3.60%
May 08, 2024	458.50	456.00	461.50	452.50	5.16M	-0.33%
May 07, 2024	460.00	452.50	466.00	451.50	7.67M	+2.56%
May 06, 2024	448.50	433.50	451.50	433.00	4.44M	+4.55%
May 03, 2024	429.00	431.50	435.00	428.50	2.29M	+0.35%
May 02, 2024	427.50	427.00	432.00	426.50	2.85M	-0.58%
Apr 30, 2024	430.00	425.00	434.50	425.00	2.44M	+0.94%
Apr 29, 2024	426.00	420.50	426.50	420.50	1.97M	+1.67%
Apr 26, 2024	419.00	412.50	422.50	412.50	2.39M	+1.70%
Apr 25, 2024	412.00	413.50	415.50	410.00	2.32M	-2.02%
Apr 24, 2024	420.50	415.50	422.00	414.00	2.22M	+2.69%
Apr 23, 2024	409.50	415.00	418.50	406.50	2.86M	-0.97%
Apr 22, 2024	413.50	415.50	419.50	411.50	2.22M	0.00%
Apr 19, 2024	413.50	422.50	425.00	407.00	4.74M	-3.16%
Apr 18, 2024	427.00	425.50	430.00	423.50	3.15M	-0.35%
Apr 17, 2024	428.50	429.50	431.50	425.50	2.93M	+0.71%
Apr 16, 2024	425.50	436.00	437.00	425.00	4.14M	-3.41%
Apr 15, 2024	440.50	440.00	446.00	438.50	2.36M	-0.68%
Apr 12, 2024	443.50	448.00	448.50	442.50	4.65M	-2.21%
Apr 11, 2024	453.50	438.00	455.00	429.50	6.29M	+4.25%
Apr 10, 2024	435.00	433.00	446.50	433.00	4.97M	+2.35%
Apr 09, 2024	425.00	423.50	426.50	422.50	2.14M	-0.23%
Apr 08, 2024	426.00	420.50	427.00	420.00	1.79M	+0.83%
Apr 03, 2024	422.50	420.50	425.50	419.50	2.54M	-0.12%
Apr 02, 2024	423.00	423.50	427.00	421.50	2.36M	0.00%
Apr 01, 2024	423.00	431.50	432.00	423.00	2.09M	-1.51%
Mar 29, 2024	429.50	423.50	429.50	423.00	2.37M	+1.42%
Mar 28, 2024	423.50	423.00	430.00	418.50	3.47M	-0.24%
Mar 27, 2024	424.50	418.00	427.50	416.50	2.63M	+1.80%
Mar 26, 2024	417.00	421.00	426.00	416.50	3.45M	-1.53%
Mar 25, 2024	423.50	421.50	426.50	419.50	2.25M	+0.47%
Mar 22, 2024	421.50	424.00	436.50	420.50	5.54M	+0.36%
Mar 21, 2024	420.00	414.50	422.00	411.50	4.53M	+1.45%
Mar 20, 2024	414.00	409.00	419.50	409.00	4.45M	+1.60%
Mar 19, 2024	407.50	406.50	415.00	405.00	6.51M	-0.24%
Mar 18, 2024	408.50	429.00	433.50	401.00	11.79M	-4.78%
Mar 15, 2024	429.00	428.00	434.50	428.00	7.12M	-1.04%
Mar 14, 2024	433.50	435.00	436.50	428.00	3.63M	-0.57%
Mar 13, 2024	436.00	441.00	444.50	436.00	4.30M	-1.13%
Mar 12, 2024	441.00	442.50	446.00	437.00	3.38M	-0.68%
Mar 11, 2024	444.00	453.00	457.00	439.50	4.20M	-1.88%
Mar 08, 2024	452.50	461.50	461.50	451.00	2.94M	-2.06%
Mar 07, 2024	462.00	470.00	471.00	461.00	2.19M	-1.91%
Mar 06, 2024	471.00	465.00	471.50	462.50	2.34M	+1.07%
Mar 05, 2024	466.00	458.00	470.00	458.00	3.46M	+1.97%
Mar 04, 2024	457.00	460.50	467.00	457.00	2.73M	0.00%
Mar 01, 2024	457.00	457.00	466.00	456.00	2.47M	+0.44%
Feb 29, 2024	455.00	450.00	462.50	448.00	6.92M	+0.11%
Feb 27, 2024	454.50	461.50	462.00	452.00	7.83M	-3.40%
Feb 26, 2024	470.50	472.00	473.50	464.50	2.57M	-0.74%
Feb 23, 2024	474.00	473.00	482.50	473.00	3.62M	+1.07%
Feb 22, 2024	469.00	473.00	477.00	462.50	3.32M	0.00%
Feb 21, 2024	469.00	476.00	487.00	466.00	3.45M	-0.85%
Feb 20, 2024	473.00	475.50	479.00	470.00	2.50M	-0.94%
Feb 19, 2024	477.50	482.50	482.50	467.50	3.37M	-0.42%
Feb 16, 2024	479.50	462.50	488.00	462.00	7.29M	+3.34%
Feb 15, 2024	464.00	464.00	467.00	457.00	5.90M	+2.65%
Feb 05, 2024	452.00	450.50	455.00	448.50	2.82M	-0.66%
Feb 02, 2024	455.00	451.00	458.00	450.00	3.39M	+1.79%
Feb 01, 2024	447.00	447.00	448.00	442.00	1.77M	+0.34%
Jan 31, 2024	445.50	446.00	453.00	441.00	5.04M	-0.45%
Jan 30, 2024	447.50	443.50	451.00	439.50	3.28M	+0.79%
Jan 29, 2024	444.00	436.00	445.00	436.00	1.90M	+1.14%
Jan 26, 2024	439.00	453.00	453.50	436.50	5.17M	-4.15%
Jan 25, 2024	458.00	457.00	460.50	454.50	2.02M	+0.66%
Jan 24, 2024	455.00	457.00	461.50	454.00	2.21M	-0.33%
Jan 23, 2024	456.50	460.00	462.50	454.50	2.50M	-0.65%
Jan 22, 2024	459.50	456.00	465.00	455.00	4.44M	+0.99%
Jan 19, 2024	455.00	448.00	455.00	445.50	3.78M	+2.25%
Jan 18, 2024	445.00	439.00	452.50	439.00	4.23M	+1.37%
Jan 17, 2024	439.00	441.00	444.50	436.50	5.07M	-0.34%
Jan 16, 2024	440.50	445.50	445.50	439.00	3.96M	-1.45%
Jan 15, 2024	447.00	452.00	455.00	446.00	2.92M	-0.33%
Jan 12, 2024	448.50	459.00	459.00	445.00	4.91M	-2.71%
Jan 11, 2024	461.00	462.00	463.00	455.00	3.03M	0.00%
Jan 10, 2024	461.00	455.00	464.00	451.50	4.57M	+1.32%
Jan 09, 2024	455.00	461.50	464.00	453.50	3.84M	+0.33%
Jan 08, 2024	453.50	459.00	463.50	452.50	3.87M	-0.11%
Jan 05, 2024	454.00	456.50	461.50	451.00	4.54M	0.00%
Jan 04, 2024	454.00	465.00	467.00	450.50	7.72M	-2.37%
Jan 03, 2024	465.00	478.00	482.00	459.00	10.32M	-4.12%
Jan 02, 2024	485.00	494.00	498.00	479.00	5.27M	-0.92%
Dec 29, 2023	489.50	490.00	499.00	486.00	4.87M	-0.51%
Dec 28, 2023	492.00	496.00	502.00	487.00	8.23M	+0.10%
Dec 27, 2023	491.50	478.00	496.00	472.00	10.09M	+4.13%
Dec 26, 2023	472.00	473.50	477.00	466.50	4.40M	+0.11%
Dec 25, 2023	471.50	456.00	479.00	456.00	9.09M	+3.97%
Dec 22, 2023	453.50	452.00	457.50	444.50	5.92M	0.00%
Dec 21, 2023	453.50	438.50	462.00	437.50	11.03M	+0.78%
Dec 20, 2023	450.00	428.50	460.50	428.00	17.12M	+6.01%
Dec 19, 2023	424.50	427.00	436.00	422.00	7.10M	-0.93%
Dec 18, 2023	428.50	409.00	434.00	403.50	8.36M	+5.54%
Dec 15, 2023	406.00	411.00	412.00	406.00	6.41M	-1.22%
Dec 14, 2023	411.00	410.00	416.00	404.50	4.99M	+0.86%
Dec 13, 2023	407.50	395.50	412.00	394.00	8.42M	+3.69%
Dec 12, 2023	393.00	396.00	399.00	392.00	2.27M	-0.88%
Dec 11, 2023	396.50	400.00	402.00	392.00	3.13M	-0.50%
Dec 08, 2023	398.50	398.00	403.50	395.50	3.89M	+1.27%
Dec 07, 2023	393.50	391.00	397.00	390.50	1.84M	0.00%
Dec 06, 2023	393.50	390.50	395.00	388.50	2.96M	+0.77%
Dec 05, 2023	390.50	388.00	391.00	382.50	3.24M	+0.90%
Dec 04, 2023	387.00	391.50	391.50	385.50	2.68M	-0.26%
Dec 01, 2023	388.00	390.00	391.50	386.50	4.13M	-1.40%
Nov 30, 2023	393.50	388.00	393.50	382.00	9.18M	+0.90%
Nov 29, 2023	390.00	387.00	390.50	383.50	5.31M	+1.17%
Nov 28, 2023	385.50	379.00	385.50	377.50	4.47M	+2.25%
Nov 27, 2023	377.00	383.50	384.00	373.00	4.59M	-1.69%
Nov 24, 2023	383.50	381.50	383.50	376.00	3.52M	+1.05%
Nov 23, 2023	379.50	386.00	386.00	378.00	3.46M	-1.30%
Nov 22, 2023	384.50	390.00	391.00	381.00	3.83M	-1.16%
Nov 21, 2023	389.00	394.00	396.00	387.00	4.76M	-0.51%
Nov 20, 2023	391.00	392.00	392.00	384.00	3.60M	-0.38%
Nov 17, 2023	392.50	385.00	398.00	381.00	7.76M	+3.15%
Nov 16, 2023	380.50	390.00	392.00	376.50	6.06M	-2.81%
Nov 15, 2023	391.50	403.00	405.00	390.00	8.59M	-1.14%
Nov 14, 2023	396.00	386.00	396.00	383.50	14.58M	+10.00%
Nov 13, 2023	360.00	360.50	360.50	353.00	1.94M	+1.27%
Nov 10, 2023	355.50	353.50	357.50	350.50	1.45M	-0.42%
Nov 09, 2023	357.00	355.50	358.50	352.00	1.67M	-0.14%
Nov 08, 2023	357.50	358.00	363.00	355.50	1.72M	+1.13%
Nov 07, 2023	353.50	359.00	359.50	352.50	2.18M	-1.94%
Nov 06, 2023	360.50	358.00	363.50	357.00	2.27M	+1.55%
Nov 03, 2023	355.00	353.00	355.00	349.50	1.81M	+1.14%
Nov 02, 2023	351.00	346.50	351.50	345.00	2.28M	+2.33%
Nov 01, 2023	343.00	340.00	344.00	337.00	1.51M	+1.48%
Oct 31, 2023	338.00	344.00	345.50	337.50	3.18M	-2.45%
Oct 30, 2023	346.50	347.00	351.00	342.00	2.33M	0.00%
Oct 27, 2023	346.50	343.00	356.00	341.50	4.35M	+2.21%
Oct 26, 2023	339.00	336.00	342.50	334.50	2.72M	-1.02%
Oct 25, 2023	342.50	345.00	348.50	340.50	2.61M	+0.44%
Oct 24, 2023	341.00	335.00	341.00	335.00	2.40M	+2.10%
Oct 23, 2023	334.00	333.50	338.50	331.50	2.90M	-0.89%
Oct 20, 2023	337.00	339.50	342.00	331.00	7.40M	-2.18%
Oct 19, 2023	344.50	348.00	348.00	338.00	4.37M	-1.71%
Oct 18, 2023	350.50	360.50	361.00	346.50	11.25M	-2.77%
Oct 17, 2023	360.50	364.00	365.00	359.00	3.47M	-0.69%
Oct 16, 2023	363.00	363.00	366.50	360.00	2.50M	-0.55%
Oct 13, 2023	365.00	376.00	376.00	362.50	4.74M	-3.31%
Oct 12, 2023	377.50	377.00	385.00	375.00	5.63M	+0.27%
Oct 11, 2023	376.50	386.50	388.00	374.00	4.36M	-0.79%
Oct 06, 2023	379.50	380.50	382.50	376.50	1.74M	-0.13%
Oct 05, 2023	380.00	376.00	384.50	374.00	4.40M	+2.56%
Oct 04, 2023	370.50	364.00	371.50	364.00	3.61M	+1.09%
Oct 03, 2023	366.50	373.00	373.00	366.00	2.92M	-1.61%
Oct 02, 2023	372.50	370.00	374.00	364.50	3.36M	+1.50%
Sep 28, 2023	367.00	366.50	368.50	362.50	2.97M	+0.82%
Sep 27, 2023	364.00	357.50	365.50	357.50	3.75M	+1.68%
Sep 26, 2023	358.00	360.50	361.00	354.00	3.46M	-0.42%
Sep 25, 2023	359.50	357.00	360.50	354.00	2.41M	+0.56%
Sep 22, 2023	357.50	355.00	358.50	351.50	3.26M	+0.70%
Sep 21, 2023	355.00	357.50	360.00	353.50	3.79M	-1.53%
Sep 20, 2023	360.50	363.50	366.00	359.50	2.52M	0.00%
Sep 19, 2023	360.50	365.00	368.00	359.50	2.99M	+0.28%
Sep 18, 2023	359.50	364.00	364.00	357.00	4.49M	-1.91%
Sep 15, 2023	366.50	375.00	377.00	366.00	6.55M	-1.87%
Sep 14, 2023	373.50	373.00	379.00	372.00	3.30M	+1.08%
Sep 13, 2023	369.50	360.00	371.00	360.00	5.54M	+1.65%
Sep 12, 2023	363.50	373.50	377.50	360.50	12.87M	-4.34%
Sep 11, 2023	380.00	404.00	404.00	371.50	9.78M	-5.82%
Sep 08, 2023	403.50	400.00	404.50	397.00	2.88M	+0.62%
Sep 07, 2023	401.00	403.50	403.50	398.00	2.96M	-0.62%
Sep 06, 2023	403.50	397.00	407.50	395.00	5.45M	+2.41%
Sep 05, 2023	394.00	398.00	400.00	382.00	6.34M	-1.50%
Sep 04, 2023	400.00	402.00	403.50	395.00	3.93M	0.00%
Sep 01, 2023	400.00	408.00	409.00	399.00	5.26M	-0.62%
Aug 31, 2023	402.50	398.50	403.00	396.00	8.58M	-0.12%
Aug 30, 2023	403.00	414.00	416.50	401.50	6.47M	-0.49%
Aug 29, 2023	405.00	410.00	413.00	400.00	5.90M	0.00%
Aug 28, 2023	405.00	414.00	415.50	394.00	10.16M	-1.94%
Aug 25, 2023	413.00	415.50	426.00	406.00	13.04M	-3.50%
Aug 24, 2023	428.00	432.00	438.00	414.50	22.54M	+3.26%
Aug 23, 2023	414.50	397.50	418.00	392.50	21.18M	+4.94%
Aug 22, 2023	395.00	391.00	397.00	385.50	12.98M	+2.33%
Aug 21, 2023	386.00	382.50	391.00	382.00	7.44M	+0.52%
Aug 18, 2023	384.00	399.00	399.00	379.00	10.16M	-2.41%
Aug 17, 2023	393.50	386.00	393.50	382.50	10.54M	+1.03%
Aug 16, 2023	389.50	379.50	389.50	377.00	11.35M	+1.17%
Aug 15, 2023	385.00	380.00	390.00	380.00	15.38M	+3.77%
Aug 14, 2023	371.00	363.00	380.00	362.50	15.41M	+0.82%
Aug 11, 2023	368.00	371.50	376.00	363.00	6.15M	-0.14%
Aug 10, 2023	368.50	370.00	373.00	352.50	11.47M	-2.77%
Aug 09, 2023	379.00	389.50	389.50	372.00	19.00M	+0.80%
Aug 08, 2023	376.00	370.50	376.00	360.50	5.67M	+1.48%
Aug 07, 2023	370.50	361.50	376.00	357.50	6.86M	+2.35%
Aug 04, 2023	362.00	361.50	365.00	352.00	5.88M	+0.14%
Aug 02, 2023	361.50	369.50	374.00	358.00	9.34M	-2.82%
Aug 01, 2023	372.00	376.50	380.00	358.50	14.30M	+2.20%
Jul 31, 2023	364.00	399.00	399.00	352.00	24.98M	-6.19%
Jul 28, 2023	388.00	366.50	388.00	360.00	27.12M	+8.99%
Jul 27, 2023	356.00	375.00	375.00	353.50	10.31M	-3.00%
Jul 26, 2023	367.00	377.00	382.50	363.50	13.99M	-0.14%
Jul 25, 2023	367.50	388.00	399.00	362.00	37.49M	+0.41%
Jul 24, 2023	366.00	360.00	366.00	352.50	28.79M	+9.91%
Jul 21, 2023	333.00	314.50	333.00	312.00	15.61M	+9.90%
Jul 20, 2023	303.00	300.00	304.50	297.00	1.97M	+1.68%
Jul 19, 2023	298.00	311.50	311.50	295.50	2.64M	-2.77%
Jul 18, 2023	306.50	300.00	316.00	300.00	6.12M	+2.34%
Jul 17, 2023	299.50	297.50	299.50	296.00	1.35M	+0.50%
Jul 14, 2023	298.00	297.50	298.00	293.50	1.41M	+0.85%
Jul 13, 2023	295.50	297.50	300.00	293.50	1.95M	-0.34%
Jul 12, 2023	296.50	293.50	296.50	291.50	2.29M	+0.17%
Jul 11, 2023	296.00	297.50	299.00	292.50	2.43M	+1.37%
Jul 10, 2023	292.00	293.00	295.00	291.00	1.45M	-0.34%
Jul 07, 2023	293.00	300.00	300.00	291.00	2.20M	-2.33%
Jul 06, 2023	300.00	298.00	302.50	295.50	2.99M	+1.18%
Jul 05, 2023	296.50	294.00	298.00	292.00	1.72M	+1.02%
Jul 04, 2023	293.50	298.50	302.50	293.00	6.94M	-6.08%
Jul 03, 2023	312.50	319.00	319.00	312.00	3.64M	-0.64%
Jun 30, 2023	314.50	311.00	317.00	311.00	2.88M	+0.16%
Jun 29, 2023	314.00	308.00	317.00	308.00	3.76M	-0.63%
Jun 28, 2023	316.00	316.00	319.00	314.00	1.59M	+0.16%
Jun 27, 2023	315.50	319.50	320.00	315.50	1.58M	-1.71%
Jun 26, 2023	321.00	317.00	324.00	313.50	4.78M	+2.07%
Jun 21, 2023	314.50	311.00	317.50	310.00	3.01M	+1.45%
Jun 20, 2023	310.00	312.00	314.00	308.00	4.01M	-0.32%
Jun 19, 2023	311.00	314.50	316.00	310.00	3.54M	-1.74%
Jun 16, 2023	316.50	318.00	319.50	313.50	4.52M	-0.94%
Jun 15, 2023	319.50	318.00	322.50	315.00	2.17M	+0.63%
Jun 14, 2023	317.50	320.00	321.00	316.00	1.85M	-0.78%
Jun 13, 2023	320.00	328.00	328.00	319.00	2.25M	-1.39%
Jun 12, 2023	324.50	316.00	325.00	316.00	3.70M	+3.02%
Jun 09, 2023	315.00	316.50	316.50	314.00	1.45M	+0.32%
Jun 08, 2023	314.00	313.00	316.50	312.00	1.72M	-0.16%
Jun 07, 2023	314.50	313.00	316.00	313.00	1.26M	+0.48%
Jun 06, 2023	313.00	312.50	315.00	311.00	1.83M	-0.16%
Jun 05, 2023	313.50	315.00	315.50	312.50	2.34M	-0.48%
Jun 02, 2023	315.00	306.00	316.00	305.50	4.40M	+2.94%
Jun 01, 2023	306.00	304.00	307.00	301.50	1.16M	+0.33%
May 31, 2023	305.00	304.00	307.00	303.00	5.48M	+0.33%
May 30, 2023	304.00	307.50	307.50	303.50	2.27M	+0.16%
May 29, 2023	303.50	309.50	312.00	303.50	1.98M	-1.62%
May 26, 2023	308.50	304.50	309.00	304.00	2.30M	+1.31%
May 25, 2023	304.50	307.00	308.50	304.00	2.29M	-1.14%
May 24, 2023	308.00	307.00	308.00	304.50	2.09M	+0.33%
May 23, 2023	307.00	307.50	309.00	306.50	2.99M	+0.16%
May 22, 2023	306.50	307.50	308.00	303.50	1.59M	-0.49%
May 19, 2023	308.00	306.00	309.50	305.00	2.34M	0.00%
May 18, 2023	308.00	304.50	310.00	303.00	4.04M	+1.48%
May 17, 2023	303.50	302.50	305.00	302.00	3.22M	0.00%
May 16, 2023	303.50	303.00	305.50	299.00	3.50M	0.00%
May 15, 2023	303.50	304.50	309.00	297.50	9.18M	+7.82%
May 12, 2023	281.50	286.00	287.00	280.50	2.04M	-1.75%
May 11, 2023	286.50	291.50	291.50	286.50	1.19M	-1.72%
May 10, 2023	291.50	290.50	292.00	287.50	1.46M	-0.17%
May 09, 2023	292.00	289.50	293.00	289.00	1.89M	+1.21%
May 08, 2023	288.50	289.00	290.50	288.00	1.09M	-0.17%
May 05, 2023	289.00	291.50	291.50	286.00	1.79M	-1.03%
May 04, 2023	292.00	287.00	292.00	286.50	2.62M	+1.57%
May 03, 2023	287.50	287.00	288.00	285.50	1.68M	+0.52%
May 02, 2023	286.00	283.00	287.00	282.00	1.59M	+1.24%
Apr 28, 2023	282.50	282.00	282.50	279.00	1.84M	+0.89%
Apr 27, 2023	280.00	275.50	280.00	274.50	2.56M	+1.63%
Apr 26, 2023	275.50	275.50	277.00	272.00	2.54M	-0.90%
Apr 25, 2023	278.00	280.00	280.00	276.00	2.40M	-0.18%
Apr 24, 2023	278.50	278.00	279.00	276.00	2.07M	+0.91%
Apr 21, 2023	276.00	279.00	280.50	275.00	1.98M	-0.18%
Apr 20, 2023	276.50	279.50	279.50	275.50	1.09M	-0.72%
Apr 19, 2023	278.50	279.00	281.00	278.00	1.56M	0.00%
Apr 18, 2023	278.50	281.50	282.00	277.00	1.18M	-0.89%
Apr 17, 2023	281.00	278.50	281.00	278.00	1.62M	+1.26%
Apr 14, 2023	277.50	278.50	278.50	275.50	1.08M	+0.73%
Apr 13, 2023	275.50	279.50	280.00	275.50	1.73M	-1.08%
Apr 12, 2023	278.50	276.00	280.00	275.50	2.02M	+1.83%
Apr 11, 2023	273.50	271.00	274.50	270.50	1.37M	+0.92%
Apr 10, 2023	271.00	271.50	272.00	270.00	566.28K	+0.37%
Apr 07, 2023	270.00	271.50	272.00	270.00	594.15K	-0.18%
Apr 06, 2023	270.50	269.50	270.50	268.50	1.65M	-0.73%
Mar 31, 2023	272.50	273.50	275.00	271.00	1.96M	0.00%
Mar 30, 2023	272.50	271.50	273.00	270.50	1.22M	+0.37%
Mar 29, 2023	271.50	270.00	271.50	270.00	1.09M	+1.12%
Mar 28, 2023	268.50	269.00	271.00	267.50	1.09M	-0.37%
Mar 27, 2023	269.50	270.50	271.00	269.50	1.06M	-0.19%
Mar 24, 2023	270.00	270.00	271.00	268.00	1.31M	+0.19%
Mar 23, 2023	269.50	269.00	271.00	267.50	1.75M	+0.19%
Mar 22, 2023	269.00	268.50	269.00	267.00	2.26M	+0.19%
Mar 21, 2023	268.50	267.50	268.50	267.00	1.35M	+0.94%
Mar 20, 2023	266.00	270.00	270.00	265.00	1.81M	-1.85%
Mar 17, 2023	271.00	264.50	271.00	263.00	4.41M	+3.04%
Mar 16, 2023	263.00	260.50	264.50	260.50	2.03M	+0.57%
Mar 15, 2023	261.50	262.00	264.00	261.00	2.51M	+0.19%
Mar 14, 2023	261.00	264.00	264.00	260.50	5.18M	-1.88%
Mar 13, 2023	266.00	268.00	271.50	264.50	8.90M	-9.22%
Mar 10, 2023	293.00	285.00	293.00	285.00	4.20M	+2.63%
Mar 09, 2023	285.50	287.00	287.50	284.00	1.86M	-0.70%
Mar 08, 2023	287.50	289.00	289.00	286.00	1.46M	-0.69%
Mar 07, 2023	289.50	287.00	290.00	286.50	1.39M	+1.05%
Mar 06, 2023	286.50	286.50	288.00	285.00	1.44M	+0.88%
Mar 03, 2023	284.00	282.50	284.50	282.00	1.19M	+1.07%
Mar 02, 2023	281.00	277.50	282.00	276.50	1.59M	+1.81%
Mar 01, 2023	276.00	277.00	279.00	275.00	2.02M	-0.72%
Feb 24, 2023	278.00	282.00	282.00	278.00	2.54M	-0.89%
Feb 23, 2023	280.50	281.00	282.00	279.50	1.56M	+0.36%
Feb 22, 2023	279.50	278.50	281.00	277.50	1.35M	0.00%
Feb 21, 2023	279.50	278.50	279.50	277.00	730.86K	+0.54%
Feb 20, 2023	278.00	279.50	279.50	278.00	651.87K	-0.54%
Feb 17, 2023	279.50	279.50	280.00	277.50	926.30K	+0.54%
Feb 16, 2023	278.00	277.50	280.00	277.50	1.87M	+0.72%
Feb 15, 2023	276.00	277.50	277.50	275.50	1.23M	-0.18%
Feb 14, 2023	276.50	276.50	278.00	276.00	1.16M	+0.73%
Feb 13, 2023	274.50	270.50	275.00	270.00	1.59M	+1.67%
Feb 10, 2023	270.00	273.50	274.00	270.00	2.89M	-2.17%
Feb 09, 2023	276.00	276.50	277.50	276.00	1.26M	-0.54%
Feb 08, 2023	277.50	278.00	279.50	276.50	1.83M	-0.18%
Feb 07, 2023	278.00	276.00	279.00	275.00	1.76M	+0.72%
Feb 06, 2023	276.00	274.50	279.00	274.00	1.87M	-0.72%
Feb 03, 2023	278.00	278.00	279.00	275.50	1.34M	-0.18%
Feb 02, 2023	278.50	277.00	279.00	275.00	1.57M	+1.27%
Feb 01, 2023	275.00	274.50	276.00	272.50	1.16M	+1.10%
Jan 31, 2023	272.00	280.00	280.50	271.50	3.07M	-2.86%
Jan 30, 2023	280.00	275.00	280.00	273.50	4.61M	+4.48%
Jan 17, 2023	268.00	270.00	270.50	268.00	1.35M	-0.37%
Jan 16, 2023	269.00	269.00	271.00	268.00	1.03M	+0.37%
Jan 13, 2023	268.00	267.50	268.50	265.50	1.10M	+1.13%
Jan 12, 2023	265.00	270.00	270.50	263.50	1.74M	-1.49%
Jan 11, 2023	269.00	270.50	271.50	269.00	1.53M	-0.19%
Jan 10, 2023	269.50	274.00	274.00	269.50	2.05M	-2.00%
Jan 09, 2023	275.00	273.50	275.50	272.50	1.49M	+1.29%
Jan 06, 2023	271.50	272.00	273.00	270.00	636.36K	+0.18%
Jan 05, 2023	271.00	271.00	275.00	271.00	1.17M	+0.93%
Jan 04, 2023	268.50	271.50	271.50	268.50	758.19K	-0.56%
Jan 03, 2023	270.00	267.00	271.00	266.00	1.06M	+0.56%
Dec 30, 2022	268.50	270.00	270.00	268.50	779.57K	-0.19%
Dec 29, 2022	269.00	267.50	270.50	264.50	1.45M	0.00%
Dec 28, 2022	269.00	268.00	270.00	268.00	1.09M	-0.37%
Dec 27, 2022	270.00	272.50	273.50	270.00	783.55K	-0.74%
Dec 26, 2022	272.00	272.00	273.00	271.00	769.80K	+0.37%
Dec 23, 2022	271.00	272.00	273.00	270.00	1.39M	-1.63%
Dec 22, 2022	275.50	270.50	278.00	269.00	6.30M	+3.57%
Dec 21, 2022	266.00	269.00	269.00	263.50	6.68M	-1.12%
Dec 20, 2022	269.00	267.00	271.00	266.00	8.70M	+1.89%
Dec 19, 2022	264.00	263.00	267.00	261.50	6.59M	-0.56%
Dec 16, 2022	265.50	264.00	267.00	262.00	7.73M	-0.56%
Dec 15, 2022	267.00	272.00	272.50	266.50	2.09M	-2.20%
Dec 14, 2022	273.00	270.50	273.50	269.50	2.15M	+2.06%
Dec 13, 2022	267.50	271.00	271.50	266.50	2.38M	-2.01%
Dec 12, 2022	273.00	266.00	273.00	262.00	2.78M	+1.68%
Dec 09, 2022	268.50	269.50	270.00	266.00	2.12M	+0.19%
Dec 08, 2022	268.00	272.00	274.00	266.00	2.30M	-1.47%
Dec 07, 2022	272.00	275.00	275.50	271.50	2.87M	-1.98%
Dec 06, 2022	277.50	281.50	281.50	275.50	2.58M	-1.94%
Dec 05, 2022	283.00	276.50	283.00	275.00	2.78M	+2.17%
Dec 02, 2022	277.00	273.00	277.00	271.00	3.42M	+2.03%
Dec 01, 2022	271.50	270.00	273.50	267.00	3.00M	+2.07%
Nov 30, 2022	266.00	267.00	269.00	265.50	8.45M	-0.37%
Nov 29, 2022	267.00	266.00	270.00	264.00	3.85M	+0.56%
Nov 28, 2022	265.50	263.00	270.00	259.00	4.31M	+0.19%
Nov 25, 2022	265.00	270.00	271.50	265.00	4.38M	-0.93%
Nov 24, 2022	267.50	267.00	270.00	266.00	3.88M	+0.94%
Nov 23, 2022	265.00	261.50	267.00	260.50	4.10M	+1.53%
Nov 22, 2022	261.00	259.00	261.50	255.00	4.14M	+1.16%
Nov 21, 2022	258.00	257.00	259.00	254.00	3.10M	+0.78%
Nov 18, 2022	256.00	253.00	256.00	252.00	1.94M	+0.79%
Nov 17, 2022	254.00	252.00	254.50	250.00	2.13M	+0.79%
Nov 16, 2022	252.00	251.50	254.00	250.50	2.24M	0.00%
Nov 15, 2022	252.00	248.00	252.50	247.00	2.28M	+1.61%
Nov 14, 2022	248.00	250.00	250.50	247.50	2.57M	-0.40%
Nov 11, 2022	249.00	248.00	251.00	244.50	4.08M	+3.32%
Nov 10, 2022	241.00	241.00	242.50	240.00	1.37M	-1.43%
Nov 09, 2022	244.50	243.50	245.50	242.00	2.30M	+1.03%
Nov 08, 2022	242.00	239.50	242.00	239.00	2.28M	+1.89%
Nov 07, 2022	237.50	236.50	238.00	234.00	2.54M	+1.28%
Nov 04, 2022	234.50	233.00	235.00	229.50	3.39M	-0.42%
Nov 03, 2022	235.50	235.00	236.00	232.50	2.12M	-0.84%
Nov 02, 2022	237.50	233.00	238.00	233.00	1.76M	+0.64%
Nov 01, 2022	236.00	236.00	237.00	234.50	1.18M	0.00%
Oct 31, 2022	236.00	235.50	237.50	234.50	1.71M	+0.85%
Oct 28, 2022	234.00	233.00	235.00	232.00	1.42M	+0.43%
Oct 27, 2022	233.00	237.00	238.00	232.50	2.27M	-1.06%
Oct 26, 2022	235.50	234.00	236.00	231.50	2.39M	+1.73%
Oct 25, 2022	231.50	233.00	234.00	230.50	2.17M	+0.22%
Oct 24, 2022	231.00	231.00	232.00	229.00	2.02M	+0.87%
Oct 21, 2022	229.00	232.00	232.50	228.00	2.27M	-1.29%
Oct 20, 2022	232.00	235.00	236.00	230.00	5.14M	-2.93%
Oct 19, 2022	239.00	235.50	240.00	234.00	3.21M	+1.06%
Oct 18, 2022	236.50	234.50	238.00	232.00	3.48M	+1.94%
Oct 17, 2022	232.00	227.50	233.00	227.50	3.00M	+0.43%
Oct 14, 2022	231.00	235.00	235.00	231.00	1.90M	0.00%
Oct 13, 2022	231.00	229.50	232.00	228.50	2.15M	-0.22%
Oct 12, 2022	231.50	228.50	233.00	226.50	2.64M	+2.89%
Oct 11, 2022	225.00	227.00	227.00	223.50	4.71M	-2.60%
Oct 07, 2022	231.00	241.50	242.50	230.50	5.14M	-5.33%
Oct 06, 2022	244.00	243.50	246.50	241.00	2.75M	0.00%
Oct 05, 2022	244.00	242.50	247.00	242.00	2.72M	+1.67%
Oct 04, 2022	240.00	235.00	241.50	234.50	2.92M	+2.56%
Oct 03, 2022	234.00	228.50	235.50	228.50	1.82M	0.00%
Sep 30, 2022	234.00	235.00	235.00	231.50	3.72M	-1.47%
Sep 29, 2022	237.50	242.00	242.00	236.00	2.32M	0.00%
Sep 28, 2022	237.50	241.50	243.50	236.00	3.59M	-1.86%
Sep 27, 2022	242.00	240.50	246.00	240.00	2.29M	+1.47%
Sep 26, 2022	238.50	242.50	244.00	238.00	3.62M	-3.05%
Sep 23, 2022	246.00	245.00	248.00	244.00	1.38M	-0.20%
Sep 22, 2022	246.50	245.00	247.00	242.00	3.81M	-1.00%
Sep 21, 2022	249.00	251.50	253.00	248.00	3.87M	-1.78%
Sep 20, 2022	253.50	256.00	256.50	252.00	2.72M	-0.39%
Sep 19, 2022	254.50	257.00	257.50	253.00	2.17M	-0.78%
Sep 16, 2022	256.50	251.50	257.00	251.50	5.56M	+0.98%
Sep 15, 2022	254.00	254.00	256.50	252.50	1.77M	+0.59%
Sep 14, 2022	252.50	249.50	254.50	248.50	2.15M	-1.56%
Sep 13, 2022	256.50	256.00	259.50	255.00	2.54M	+0.98%
Sep 12, 2022	254.00	251.00	254.50	250.50	3.21M	+2.01%
Sep 08, 2022	249.00	245.00	249.50	243.50	3.94M	+2.89%
Sep 07, 2022	242.00	252.50	253.00	241.00	8.07M	-5.10%
Sep 06, 2022	255.00	260.00	261.00	254.00	2.13M	-1.16%
Sep 05, 2022	258.00	255.50	259.00	254.50	2.04M	+1.78%
Sep 02, 2022	253.50	255.00	256.00	253.00	1.71M	+0.40%
Sep 01, 2022	252.50	253.50	254.00	251.00	2.61M	-0.98%
Aug 31, 2022	255.00	254.00	256.00	254.00	3.51M	-0.78%
Aug 30, 2022	257.00	256.00	258.00	253.00	2.74M	+1.58%
Aug 29, 2022	253.00	251.50	255.00	251.00	2.65M	-2.13%
Aug 26, 2022	258.50	257.00	258.50	256.00	2.49M	+1.17%
Aug 25, 2022	255.50	256.00	257.00	252.00	3.36M	+0.59%
Aug 24, 2022	254.00	261.00	261.00	253.50	4.47M	-2.50%
Aug 23, 2022	260.50	265.00	266.00	260.50	3.84M	-2.62%
Aug 22, 2022	267.50	262.50	267.50	262.50	3.45M	+1.13%
Aug 19, 2022	264.50	262.50	265.50	261.00	3.59M	+0.76%
Aug 18, 2022	262.50	255.50	263.00	255.00	4.50M	+1.74%
Aug 17, 2022	258.00	256.50	258.00	254.00	5.36M	+1.38%
Aug 16, 2022	254.50	250.50	255.50	248.00	6.59M	+0.79%
Aug 15, 2022	252.50	260.50	261.00	252.00	8.34M	-3.63%
Aug 12, 2022	262.00	261.00	264.50	257.50	10.94M	-7.09%
Aug 11, 2022	282.00	281.50	282.50	279.50	2.42M	+1.81%
Aug 10, 2022	277.00	278.50	279.00	277.00	2.73M	-1.42%
Aug 09, 2022	281.00	283.50	283.50	280.00	2.49M	-0.88%
Aug 08, 2022	283.50	282.00	284.00	280.50	1.89M	+0.53%
Aug 05, 2022	282.00	283.00	283.00	279.50	2.10M	+0.36%
Aug 04, 2022	281.00	281.00	282.50	279.00	1.67M	0.00%
Aug 03, 2022	281.00	278.00	281.00	277.00	2.18M	+1.26%
Aug 02, 2022	277.50	280.00	280.50	275.50	5.13M	-1.77%
Aug 01, 2022	282.50	281.00	283.00	278.00	3.17M	+0.36%
Jul 29, 2022	281.50	277.00	284.00	277.00	8.28M	-11.76%
Jul 28, 2022	319.00	324.00	325.00	319.00	6.56M	-1.09%
Jul 27, 2022	322.50	323.50	324.50	319.50	4.83M	-0.15%
Jul 26, 2022	323.00	325.50	325.50	321.00	3.45M	-0.92%
Jul 25, 2022	326.00	323.00	326.50	320.50	3.12M	0.00%
Jul 22, 2022	326.00	323.50	327.00	318.00	3.69M	+1.24%
Jul 21, 2022	322.00	316.00	323.00	316.00	3.60M	+1.90%
Jul 20, 2022	316.00	315.00	318.50	314.50	2.63M	+1.28%
Jul 19, 2022	312.00	309.00	314.00	308.00	4.46M	+1.13%
Jul 18, 2022	308.50	310.50	311.50	303.50	4.18M	-0.48%
Jul 15, 2022	310.00	314.00	314.50	310.00	1.51M	-0.80%
Jul 14, 2022	312.50	312.00	313.50	309.50	1.97M	-0.16%
Jul 13, 2022	313.00	313.50	317.50	311.00	3.06M	+2.12%
Jul 12, 2022	306.50	307.50	308.00	302.00	2.85M	-0.97%
Jul 11, 2022	309.50	310.00	311.00	308.00	1.93M	+1.48%
Jul 08, 2022	305.00	303.50	308.00	303.50	2.15M	+0.83%
Jul 07, 2022	302.50	300.00	305.50	296.00	3.13M	+1.51%
Jul 06, 2022	298.00	307.00	307.50	298.00	2.87M	-2.13%
Jul 05, 2022	304.50	307.00	309.00	301.50	2.43M	+1.00%
Jul 04, 2022	301.50	310.00	312.50	300.00	3.91M	-2.58%
Jul 01, 2022	309.50	311.00	315.00	308.00	3.98M	-0.32%
Jun 30, 2022	310.50	320.00	320.50	308.50	6.15M	-4.17%
Jun 29, 2022	324.00	322.50	326.50	322.00	2.64M	-0.61%
Jun 28, 2022	326.00	328.50	330.00	324.00	2.08M	-0.76%
Jun 27, 2022	328.50	328.50	330.50	326.50	1.86M	+0.77%
Jun 24, 2022	326.00	328.00	329.00	322.50	2.65M	+0.31%
Jun 23, 2022	325.00	324.00	326.50	321.50	2.35M	+1.09%
Jun 22, 2022	321.50	333.00	334.00	321.50	2.82M	-3.16%
Jun 21, 2022	332.00	324.00	332.00	321.00	3.15M	+3.75%
Jun 20, 2022	320.00	324.00	324.00	316.50	3.29M	-0.93%
Jun 17, 2022	323.00	321.50	324.00	319.00	3.69M	-0.46%
Jun 16, 2022	324.50	329.50	329.50	324.00	1.72M	-0.15%
Jun 15, 2022	325.00	326.50	332.00	324.50	2.01M	0.00%
Jun 14, 2022	325.00	324.00	328.50	322.50	3.92M	-0.61%
Jun 13, 2022	327.00	324.00	328.50	322.50	2.56M	-0.61%
Jun 10, 2022	329.00	332.50	332.50	328.00	1.85M	-1.20%
Jun 09, 2022	333.00	338.00	338.00	333.00	3.25M	-1.62%
Jun 08, 2022	338.50	343.50	343.50	336.50	4.41M	-0.15%
Jun 07, 2022	339.00	340.00	342.00	337.00	2.08M	-0.29%
Jun 06, 2022	340.00	343.00	344.50	340.00	2.77M	-0.73%
Jun 02, 2022	342.50	340.50	345.00	340.00	1.19M	-0.15%
Jun 01, 2022	343.00	342.50	346.00	340.00	2.10M	+0.44%
May 31, 2022	341.50	338.50	343.00	334.00	5.34M	+0.89%
May 30, 2022	338.50	333.00	338.50	331.00	3.11M	+2.89%
May 27, 2022	329.00	325.00	329.50	323.50	1.85M	+1.70%
May 26, 2022	323.50	329.50	329.50	323.00	2.03M	-1.07%
May 25, 2022	327.00	324.00	328.00	323.50	2.11M	+1.55%
May 24, 2022	322.00	324.00	326.00	322.00	1.87M	-0.46%
May 23, 2022	323.50	327.00	328.00	323.00	2.42M	-0.15%
May 20, 2022	324.00	326.00	326.50	322.00	2.96M	-0.31%
May 19, 2022	325.00	326.50	326.50	321.50	3.89M	-2.11%
May 18, 2022	332.00	333.50	335.50	332.00	3.15M	-0.15%
May 17, 2022	332.50	336.50	338.00	332.00	2.82M	+0.15%
May 16, 2022	332.00	336.00	337.00	330.00	2.69M	-0.15%
May 13, 2022	332.50	338.00	338.50	328.50	4.39M	-1.63%
May 12, 2022	338.00	344.00	344.00	336.50	5.32M	-3.29%
May 11, 2022	349.50	348.00	351.00	346.00	2.08M	-0.14%
May 10, 2022	350.00	350.00	351.50	343.00	4.60M	-1.82%
May 09, 2022	356.50	355.00	359.00	352.50	2.21M	-0.42%
May 06, 2022	358.00	359.50	361.50	357.50	2.54M	-2.19%
May 05, 2022	366.00	364.00	366.50	363.50	1.62M	+1.24%
May 04, 2022	361.50	363.00	364.00	360.50	1.25M	-0.14%
May 03, 2022	362.00	355.50	362.50	354.00	1.44M	+1.40%
Apr 29, 2022	357.00	357.00	359.00	357.00	1.82M	+0.56%
Apr 27, 2022	355.00	353.50	356.00	353.00	1.83M	-0.84%
Apr 26, 2022	358.00	357.00	362.00	357.00	1.53M	+0.56%
Apr 25, 2022	356.00	357.50	358.50	355.50	2.31M	-1.93%
Apr 22, 2022	363.00	358.50	364.00	357.00	1.91M	+1.26%
Apr 21, 2022	358.50	362.00	362.50	358.50	1.97M	-0.28%
Apr 20, 2022	359.50	359.00	361.50	358.00	1.97M	+0.70%
Apr 19, 2022	357.00	355.00	360.00	355.00	1.84M	+0.56%
Apr 18, 2022	355.00	354.50	358.00	352.00	1.60M	-0.42%
Apr 15, 2022	356.50	356.00	357.00	354.00	1.26M	-0.14%
Apr 14, 2022	357.00	359.50	360.00	355.00	1.67M	+0.71%
Apr 13, 2022	354.50	350.00	356.50	349.50	3.20M	+1.58%
Apr 12, 2022	349.00	352.50	353.00	348.50	5.37M	-2.10%
Apr 11, 2022	356.50	364.50	365.50	356.50	4.67M	-2.19%
Apr 08, 2022	364.50	361.50	364.50	361.00	2.01M	+1.11%
Apr 07, 2022	360.50	365.00	366.00	360.50	3.95M	-1.90%
Apr 06, 2022	367.50	368.50	371.00	366.00	3.51M	-1.61%
Apr 01, 2022	373.50	371.00	373.50	369.00	1.80M	0.00%
Mar 31, 2022	373.50	375.00	376.50	373.50	1.80M	-0.53%
Mar 30, 2022	375.50	376.00	377.00	374.00	2.44M	-0.13%
Mar 29, 2022	376.00	379.00	379.50	375.50	1.47M	-0.53%
Mar 28, 2022	378.00	373.00	378.00	372.00	2.74M	+1.07%
Mar 25, 2022	374.00	375.50	377.00	372.50	4.31M	+0.27%
Mar 24, 2022	373.00	372.50	376.00	372.50	2.16M	+0.13%
Mar 23, 2022	372.50	371.50	374.00	371.00	2.32M	+0.13%
Mar 22, 2022	372.00	371.50	373.50	368.00	4.28M	-0.67%
Mar 21, 2022	374.50	372.50	376.00	371.50	4.15M	+0.54%
Mar 18, 2022	372.50	377.00	381.00	371.00	6.78M	-1.19%
Mar 17, 2022	377.00	384.00	384.50	369.50	13.73M	-0.53%
Mar 16, 2022	379.00	369.00	379.00	368.00	6.48M	+2.99%
Mar 15, 2022	368.00	368.00	368.50	362.00	3.39M	-0.41%
Mar 14, 2022	369.50	368.50	369.50	360.00	5.04M	-0.54%
Mar 11, 2022	371.50	369.00	374.00	368.00	3.54M	+1.36%
Mar 10, 2022	366.50	367.00	369.00	365.00	3.07M	+1.81%
Mar 09, 2022	360.00	361.00	361.50	357.00	2.47M	+0.42%
Mar 08, 2022	358.50	360.00	364.50	355.00	4.72M	-1.51%
Mar 07, 2022	364.00	372.00	372.50	359.00	5.28M	-3.19%
Mar 04, 2022	376.00	377.00	381.50	376.00	3.56M	-1.05%
Mar 03, 2022	380.00	374.00	380.50	374.00	2.71M	+1.88%
Mar 02, 2022	373.00	370.50	375.00	370.50	2.26M	-0.13%
Mar 01, 2022	373.50	369.50	376.50	369.50	3.08M	+0.54%
Feb 25, 2022	371.50	371.00	373.50	368.50	2.64M	+0.13%
Feb 24, 2022	371.00	373.50	376.50	369.50	2.91M	-1.72%
Feb 23, 2022	377.50	377.00	381.50	376.50	1.90M	0.00%
Feb 22, 2022	377.50	377.00	378.00	373.00	2.46M	-0.26%
Feb 21, 2022	378.50	370.00	378.50	370.00	2.02M	+1.75%
Feb 18, 2022	372.00	369.00	372.50	367.50	877.28K	+0.13%
Feb 17, 2022	371.50	370.50	373.50	369.00	2.01M	+0.68%
Feb 16, 2022	369.00	366.00	369.00	365.00	1.22M	+1.79%
Feb 15, 2022	362.50	363.00	365.50	362.00	1.12M	-0.14%
Feb 14, 2022	363.00	365.00	365.50	361.50	1.38M	-1.22%
Feb 11, 2022	367.50	366.50	368.50	366.00	1.31M	-0.68%
Feb 10, 2022	370.00	366.00	370.00	366.00	1.31M	+1.09%
Feb 09, 2022	366.00	363.00	366.00	362.00	2.50M	+0.69%
Feb 08, 2022	363.50	362.50	364.50	362.00	1.23M	-0.14%
Feb 07, 2022	364.00	361.00	364.50	359.50	2.33M	+1.25%
Jan 26, 2022	359.50	358.00	362.00	358.00	2.10M	-0.14%
Jan 25, 2022	360.00	361.00	362.50	355.00	5.48M	-1.23%
Jan 24, 2022	364.50	373.50	373.50	364.00	6.28M	-3.32%
Jan 21, 2022	377.00	377.50	377.50	374.00	2.57M	-0.40%
Jan 20, 2022	378.50	378.00	379.50	377.00	1.09M	+0.13%
Jan 19, 2022	378.00	378.00	381.00	377.50	1.32M	-0.53%
Jan 18, 2022	380.00	377.50	381.00	376.50	1.97M	+0.53%
Jan 17, 2022	378.00	377.00	378.50	375.50	1.02M	+0.13%
Jan 14, 2022	377.50	377.00	377.50	372.00	2.13M	-0.13%
Jan 13, 2022	378.00	378.50	379.00	375.50	1.92M	0.00%
Jan 12, 2022	378.00	379.50	380.00	375.00	1.71M	0.00%
Jan 11, 2022	378.00	379.50	383.00	377.00	3.15M	-0.13%
Jan 10, 2022	378.50	376.50	378.50	374.50	1.45M	+0.26%
Jan 07, 2022	377.50	382.00	382.50	373.00	2.46M	-0.66%
Jan 06, 2022	380.00	378.00	381.50	377.00	2.16M	-0.13%
Jan 05, 2022	380.50	377.50	385.00	377.00	4.38M	+0.93%
Jan 04, 2022	377.00	375.00	378.50	373.50	3.39M	+0.94%
Jan 03, 2022	373.50	377.00	377.50	371.50	1.76M	-0.66%
Dec 30, 2021	376.00	374.50	377.00	373.50	2.78M	+0.67%
Dec 29, 2021	373.50	374.50	374.50	372.50	1.07M	0.00%
Dec 28, 2021	373.50	373.50	374.00	372.00	1.39M	+0.27%
Dec 27, 2021	372.50	370.50	373.00	369.00	1.47M	+0.68%
Dec 24, 2021	370.00	372.00	373.50	369.00	1.38M	-0.27%
Dec 23, 2021	371.00	370.00	371.50	369.50	1.86M	+0.27%
Dec 22, 2021	370.00	372.00	372.50	368.50	1.97M	-0.13%
Dec 21, 2021	370.50	368.00	371.00	367.00	2.16M	+0.95%
Dec 20, 2021	367.00	365.50	369.50	364.50	1.92M	+0.14%
Dec 17, 2021	366.50	367.00	370.00	366.00	3.27M	-0.14%
Dec 16, 2021	367.00	368.00	369.50	367.00	3.59M	+0.69%
Dec 15, 2021	364.50	367.00	367.50	363.00	1.79M	-0.55%
Dec 14, 2021	366.50	365.50	367.00	363.00	1.69M	0.00%
Dec 13, 2021	366.50	369.00	370.50	365.50	2.38M	-0.41%
Dec 10, 2021	368.00	370.00	371.50	367.50	2.27M	+0.27%
Dec 09, 2021	367.00	363.50	367.00	361.00	2.22M	+1.94%
Dec 08, 2021	360.00	367.00	368.00	360.00	4.02M	-1.77%
Dec 07, 2021	366.50	361.00	367.00	361.00	1.56M	+0.41%
Dec 06, 2021	365.00	363.50	365.00	361.00	1.62M	-0.14%
Dec 03, 2021	365.50	363.50	367.00	362.50	2.37M	+0.55%
Dec 02, 2021	363.50	360.00	364.00	359.00	2.10M	+0.97%
Dec 01, 2021	360.00	356.00	361.00	355.00	2.05M	+2.13%
Nov 30, 2021	352.50	354.50	360.50	352.50	4.99M	-0.84%
Nov 29, 2021	355.50	354.50	357.50	351.50	2.24M	-0.14%
Nov 26, 2021	356.00	361.00	361.00	355.50	1.77M	-1.39%
Nov 25, 2021	361.00	358.00	361.00	356.00	1.50M	+1.69%
Nov 24, 2021	355.00	354.00	358.50	353.50	1.35M	+0.71%
Nov 23, 2021	352.50	355.00	356.50	352.50	2.24M	-0.98%
Nov 22, 2021	356.00	359.50	359.50	354.50	2.23M	-1.25%
Nov 19, 2021	360.50	362.50	363.00	359.00	1.74M	+0.28%
Nov 18, 2021	359.50	355.50	361.00	355.50	2.41M	+0.56%
Nov 17, 2021	357.50	353.50	358.00	353.00	2.29M	+0.85%
Nov 16, 2021	354.50	358.00	358.00	353.00	3.76M	-1.25%
Nov 15, 2021	359.00	360.50	361.50	356.00	2.92M	-0.28%
Nov 12, 2021	360.00	365.00	365.00	357.00	4.07M	-1.37%
Nov 11, 2021	365.00	362.50	368.50	362.00	7.23M	-3.31%
Nov 10, 2021	377.50	372.00	378.00	371.00	3.35M	+0.53%
Nov 09, 2021	375.50	373.00	376.00	371.50	3.56M	+1.08%
Nov 08, 2021	371.50	369.00	374.50	367.00	4.14M	+1.92%
Nov 05, 2021	364.50	359.00	364.50	358.00	2.84M	+1.53%
Nov 04, 2021	359.00	358.50	360.00	356.00	1.99M	+0.84%
Nov 03, 2021	356.00	360.00	360.00	354.00	2.94M	0.00%
Nov 02, 2021	356.00	356.00	358.00	356.00	1.80M	+0.28%
Nov 01, 2021	355.00	354.00	356.00	352.00	1.16M	+0.57%
Oct 29, 2021	353.00	354.00	356.50	350.50	2.45M	-0.28%
Oct 28, 2021	354.00	357.00	359.00	354.00	1.80M	-0.98%
Oct 27, 2021	357.50	355.50	358.50	354.50	1.43M	+0.28%
Oct 26, 2021	356.50	354.50	358.50	352.00	2.58M	+0.99%
Oct 25, 2021	353.00	354.50	359.50	352.00	2.97M	-0.84%
Oct 22, 2021	356.00	353.00	356.00	350.50	3.97M	+2.01%
Oct 21, 2021	349.00	347.00	351.00	346.50	3.81M	+1.31%
Oct 20, 2021	344.50	341.00	348.00	339.50	3.82M	+1.62%
Oct 19, 2021	339.00	338.00	339.50	336.50	1.83M	+1.04%
Oct 18, 2021	335.50	336.00	339.00	335.50	1.56M	+0.45%
Oct 15, 2021	334.00	336.00	337.50	333.50	1.91M	+0.15%
Oct 14, 2021	333.50	344.00	344.50	332.00	3.62M	-2.91%
Oct 13, 2021	343.50	340.00	345.00	338.50	3.56M	+1.63%
Oct 12, 2021	338.00	338.50	342.00	333.50	2.59M	0.00%
Oct 08, 2021	338.00	334.00	339.00	333.00	2.38M	+0.30%
Oct 07, 2021	337.00	327.00	337.00	327.00	4.01M	+4.33%
Oct 06, 2021	323.00	326.00	326.00	321.00	1.94M	-0.31%
Oct 05, 2021	324.00	321.00	327.00	320.50	1.67M	0.00%
Oct 04, 2021	324.00	323.00	325.00	322.00	1.73M	+1.09%
Oct 01, 2021	320.50	325.00	325.50	319.00	2.30M	-1.54%
Sep 30, 2021	325.50	329.00	329.50	325.00	2.11M	-0.91%
Sep 29, 2021	328.50	333.00	334.50	327.50	2.85M	-2.95%
Sep 28, 2021	338.50	339.00	340.50	335.00	2.09M	-0.59%
Sep 27, 2021	340.50	338.00	341.00	337.00	2.62M	+1.04%
Sep 24, 2021	337.00	334.00	338.00	333.00	2.99M	+1.66%
Sep 23, 2021	331.50	331.00	333.00	329.00	1.93M	+0.91%
Sep 22, 2021	328.50	321.00	328.50	320.50	2.76M	+0.77%
Sep 17, 2021	326.00	327.00	329.00	326.00	3.54M	0.00%
Sep 16, 2021	326.00	324.50	326.00	323.00	2.11M	+1.09%
Sep 15, 2021	322.50	323.50	325.00	322.00	2.29M	0.00%
Sep 14, 2021	322.50	322.50	324.00	320.50	2.30M	+0.78%
Sep 13, 2021	320.00	318.00	322.00	317.50	1.35M	+1.27%
Sep 10, 2021	316.00	319.00	319.50	316.00	1.88M	0.00%
Sep 09, 2021	316.00	315.50	318.50	313.50	1.32M	-0.32%
Sep 08, 2021	317.00	319.00	321.00	315.00	2.47M	-0.63%
Sep 07, 2021	319.00	322.50	324.50	319.00	1.92M	-1.24%
Sep 06, 2021	323.00	319.00	324.50	319.00	1.77M	+1.10%
Sep 03, 2021	319.50	318.00	321.00	317.00	1.57M	+1.11%
Sep 02, 2021	316.00	321.00	322.50	316.00	1.84M	-1.56%
Sep 01, 2021	321.00	322.00	323.00	320.00	1.59M	-0.93%
Aug 31, 2021	324.00	317.50	324.00	317.00	2.83M	+1.57%
Aug 30, 2021	319.00	318.00	319.50	315.50	2.39M	+0.47%
Aug 27, 2021	317.50	317.00	317.50	316.00	1.19M	-0.47%
Aug 26, 2021	319.00	319.50	319.50	316.00	1.35M	+0.16%
Aug 25, 2021	318.50	316.00	318.50	316.00	932.57K	+1.11%
Aug 24, 2021	315.00	319.50	319.50	315.00	1.50M	-0.79%
Aug 23, 2021	317.50	316.00	319.00	314.50	2.13M	+1.76%
Aug 20, 2021	312.00	312.00	313.50	307.00	3.33M	+0.32%
Aug 19, 2021	311.00	316.00	316.50	311.00	3.62M	-2.05%
Aug 18, 2021	317.50	317.50	318.50	312.00	4.07M	-0.16%
Aug 17, 2021	318.00	319.00	321.00	316.50	4.59M	+0.95%
Aug 16, 2021	315.00	318.00	319.00	313.00	3.60M	-0.47%
Aug 13, 2021	316.50	320.00	320.50	316.50	3.10M	-0.78%
Aug 12, 2021	319.00	329.00	329.50	319.00	6.41M	-1.24%
Aug 11, 2021	323.00	320.00	323.00	318.50	5.05M	+1.10%
Aug 10, 2021	319.50	319.00	320.50	317.00	3.78M	-0.78%
Aug 09, 2021	322.00	324.00	324.00	320.50	1.92M	-0.46%
Aug 06, 2021	323.50	320.50	325.00	318.00	3.18M	+0.78%
Aug 05, 2021	321.00	324.00	326.00	320.00	4.57M	-0.93%
Aug 04, 2021	324.00	323.00	325.00	319.00	4.22M	-0.15%
Aug 03, 2021	324.50	322.00	329.00	319.00	5.99M	+1.56%
Aug 02, 2021	319.50	315.00	323.00	312.00	10.19M	-8.97%
Jul 30, 2021	351.00	354.00	357.00	351.00	7.32M	-0.43%
Jul 29, 2021	352.50	354.00	356.50	351.50	6.07M	-0.28%
Jul 28, 2021	353.50	358.50	358.50	353.00	5.06M	-1.53%
Jul 27, 2021	359.00	352.00	359.50	351.50	4.41M	+1.27%
Jul 26, 2021	354.50	354.50	357.50	351.00	3.72M	0.00%
Jul 23, 2021	354.50	360.00	362.00	353.50	10.36M	-3.01%
Jul 22, 2021	365.50	368.00	372.00	365.00	6.05M	-1.35%
Jul 21, 2021	370.50	373.00	373.50	369.50	2.60M	-0.13%
Jul 20, 2021	371.00	370.50	373.50	370.00	2.00M	-0.27%
Jul 19, 2021	372.00	374.00	374.00	371.00	2.38M	-1.06%
Jul 16, 2021	376.00	377.00	378.50	374.00	3.26M	-0.66%
Jul 15, 2021	378.50	379.00	380.50	378.00	1.67M	-0.13%
Jul 14, 2021	379.00	378.50	379.00	376.00	2.51M	+0.66%
Jul 13, 2021	376.50	378.50	382.50	374.50	3.71M	-1.18%
Jul 12, 2021	381.00	379.00	382.00	377.00	2.43M	+2.14%
Jul 09, 2021	373.00	380.00	381.50	372.50	4.34M	-2.10%
Jul 08, 2021	381.00	382.00	382.00	379.00	2.25M	+0.53%
Jul 07, 2021	379.00	376.00	379.50	375.50	1.77M	+0.80%
Jul 06, 2021	376.00	378.00	378.00	375.50	1.73M	0.00%
Jul 05, 2021	376.00	373.00	377.00	372.00	2.28M	+1.35%
Jul 02, 2021	371.00	368.50	372.00	367.00	2.78M	+1.09%
Jul 01, 2021	367.00	370.50	373.50	367.00	3.05M	-1.21%
Jun 30, 2021	371.50	371.50	375.00	370.00	2.82M	+0.41%
Jun 29, 2021	370.00	373.00	374.00	370.00	2.06M	-0.67%
Jun 28, 2021	372.50	368.50	374.00	365.00	3.83M	+1.50%
Jun 25, 2021	367.00	375.00	375.00	367.00	7.51M	-1.74%
Jun 24, 2021	373.50	375.00	377.00	372.00	2.77M	-0.13%
Jun 23, 2021	374.00	375.00	376.50	370.50	5.89M	-0.27%
Jun 22, 2021	375.00	383.00	388.00	375.00	7.12M	-2.09%
Jun 21, 2021	383.00	385.00	387.50	383.00	3.69M	-0.52%
Jun 18, 2021	385.00	388.50	389.00	385.00	4.33M	-0.77%
Jun 17, 2021	388.00	385.00	388.00	384.00	1.93M	0.00%
Jun 16, 2021	388.00	384.50	390.50	384.50	3.91M	+1.17%
Jun 15, 2021	383.50	384.00	385.00	381.00	2.73M	+0.13%
Jun 11, 2021	383.00	385.50	388.00	382.00	3.78M	-0.65%
Jun 10, 2021	385.50	389.50	390.00	385.50	3.78M	-0.13%
Jun 09, 2021	386.00	390.00	390.50	385.00	3.71M	-1.03%
Jun 08, 2021	390.00	390.00	390.00	386.00	2.38M	+0.52%
Jun 07, 2021	388.00	389.00	390.00	380.50	3.05M	-0.51%
Jun 04, 2021	390.00	390.00	390.00	388.50	1.63M	-0.51%
Jun 03, 2021	392.00	393.00	395.00	389.50	3.44M	-0.38%
Jun 02, 2021	393.50	404.00	404.50	391.50	4.24M	-2.36%
Jun 01, 2021	403.00	399.00	403.00	395.00	3.21M	+2.03%
May 31, 2021	395.00	392.50	396.00	390.50	2.52M	+0.89%
May 28, 2021	391.50	393.00	393.00	387.00	3.66M	+0.90%
May 27, 2021	388.00	398.50	398.50	388.00	5.23M	-2.39%
May 26, 2021	397.50	390.50	399.00	389.00	3.39M	+1.79%
May 25, 2021	390.50	392.00	395.00	388.50	4.65M	+0.13%
May 24, 2021	390.00	390.50	393.00	386.00	3.37M	-0.64%
May 21, 2021	392.50	402.00	408.00	388.00	8.81M	-1.13%
May 20, 2021	397.00	413.00	428.00	394.00	16.66M	-3.05%
May 19, 2021	409.50	390.00	413.00	384.50	15.83M	+6.64%
May 18, 2021	384.00	370.00	384.50	369.50	6.73M	+4.35%
May 17, 2021	368.00	362.50	378.50	362.50	7.04M	-3.16%
May 14, 2021	380.00	382.00	393.00	374.00	6.57M	+0.13%
May 13, 2021	379.50	376.00	386.00	367.00	13.02M	+4.98%
May 12, 2021	361.50	366.00	374.00	335.00	10.20M	-1.63%
May 11, 2021	367.50	380.00	380.50	361.00	7.86M	-5.04%
May 10, 2021	387.00	392.00	393.50	385.50	4.86M	-1.02%
May 07, 2021	391.00	382.50	392.00	382.00	5.57M	+2.76%
May 06, 2021	380.50	380.00	394.00	379.00	7.51M	0.00%
May 05, 2021	380.50	378.00	386.00	373.50	5.06M	+0.66%
May 04, 2021	378.00	378.00	380.00	370.50	4.14M	+0.40%
May 03, 2021	376.50	372.50	381.00	372.50	3.52M	+0.13%
Apr 29, 2021	376.00	372.00	378.00	372.00	2.58M	+1.08%
Apr 28, 2021	372.00	374.50	375.50	371.50	2.40M	-0.80%
Apr 27, 2021	375.00	378.50	380.00	372.50	4.75M	-1.32%
Apr 26, 2021	380.00	378.00	381.00	377.50	3.43M	+0.53%
Apr 23, 2021	378.00	372.00	378.00	370.00	3.78M	+1.20%
Apr 22, 2021	373.50	377.50	378.00	370.00	5.21M	-0.80%
Apr 21, 2021	376.50	381.00	381.50	376.00	4.38M	-1.70%
Apr 20, 2021	383.00	384.00	387.50	381.00	3.16M	-0.65%
Apr 19, 2021	385.50	395.50	398.00	385.50	5.85M	-0.64%
Apr 16, 2021	388.00	372.50	391.00	372.00	8.76M	+4.02%
Apr 15, 2021	373.00	370.00	373.00	367.50	2.39M	+0.67%
Apr 14, 2021	370.50	370.50	372.00	365.00	3.19M	0.00%
Apr 13, 2021	370.50	374.50	377.00	368.50	4.25M	-1.07%
Apr 12, 2021	374.50	378.00	378.00	372.50	3.50M	+0.81%
Apr 09, 2021	371.50	373.50	374.50	370.50	2.72M	-0.80%
Apr 08, 2021	374.50	369.00	374.50	368.00	3.33M	+0.81%
Apr 07, 2021	371.50	370.00	373.00	368.00	3.21M	+0.68%
Apr 06, 2021	369.00	376.50	376.50	369.00	3.36M	-0.67%
Apr 01, 2021	371.50	374.00	374.50	370.50	2.28M	-0.27%
Mar 31, 2021	372.50	377.00	377.50	372.00	3.83M	-1.19%
Mar 30, 2021	377.00	377.00	379.50	374.00	4.12M	+0.80%
Mar 29, 2021	374.00	366.50	375.00	364.00	4.50M	+2.47%
Mar 26, 2021	365.00	366.50	368.00	363.50	3.90M	0.00%
Mar 25, 2021	365.00	367.00	368.50	362.00	3.65M	-0.27%
Mar 24, 2021	366.00	366.50	377.00	365.00	5.06M	+0.14%
Mar 23, 2021	365.50	373.00	373.00	365.00	4.94M	-0.81%
Mar 22, 2021	368.50	382.00	382.00	368.00	10.24M	-2.38%
Mar 19, 2021	377.50	368.00	386.00	360.00	25.02M	+5.45%
Mar 18, 2021	358.00	358.00	358.00	355.00	16.01M	+9.98%
Mar 17, 2021	325.50	331.00	332.50	322.00	4.90M	-1.66%
Mar 16, 2021	331.00	329.50	338.00	329.00	4.86M	+1.53%
Mar 15, 2021	326.00	322.50	328.00	319.00	3.29M	+0.77%
Mar 12, 2021	323.50	319.00	326.50	316.50	6.20M	+1.89%
Mar 11, 2021	317.50	315.00	319.50	314.50	4.93M	+1.60%
Mar 10, 2021	312.50	316.00	316.50	312.00	3.13M	-0.16%
Mar 09, 2021	313.00	318.50	318.50	309.00	3.42M	-0.79%
Mar 08, 2021	315.50	312.00	319.50	312.00	3.91M	+1.45%
Mar 05, 2021	311.00	309.00	311.50	307.00	3.74M	-0.80%
Mar 04, 2021	313.50	315.00	316.50	309.00	4.97M	-0.95%
Mar 03, 2021	316.50	311.00	317.50	306.00	5.41M	+2.93%
Mar 02, 2021	307.50	310.00	315.00	307.00	7.46M	+1.15%
Feb 26, 2021	304.00	300.50	307.50	299.00	6.82M	-0.49%
Feb 25, 2021	305.50	308.50	311.00	301.00	5.61M	+1.66%
Feb 24, 2021	300.50	291.00	309.50	291.00	9.99M	+3.44%
Feb 23, 2021	290.50	290.00	291.50	288.50	3.60M	+0.17%
Feb 22, 2021	290.00	291.50	295.00	290.00	4.64M	0.00%
Feb 19, 2021	290.00	289.50	292.50	288.50	3.39M	+0.35%
Feb 18, 2021	289.00	289.50	290.50	287.00	3.52M	-0.17%
Feb 17, 2021	289.50	294.00	295.00	289.00	5.22M	+0.35%
Feb 05, 2021	288.50	289.50	290.00	287.00	1.36M	+0.52%
Feb 04, 2021	287.00	288.50	290.00	287.00	2.05M	-0.52%
Feb 03, 2021	288.50	288.50	291.00	285.00	3.51M	+1.05%
Feb 02, 2021	285.50	285.00	287.50	283.50	3.40M	+0.71%
Feb 01, 2021	283.50	285.00	285.00	280.50	2.12M	-1.05%
Jan 29, 2021	286.50	289.50	291.00	284.00	3.80M	-0.69%
Jan 28, 2021	288.50	288.00	291.50	285.50	3.68M	-1.54%
Jan 27, 2021	293.00	287.00	294.00	287.00	6.33M	+3.17%
Jan 26, 2021	284.00	291.00	292.50	284.00	3.70M	-2.07%
Jan 25, 2021	290.00	284.50	291.50	282.00	5.26M	+1.93%
Jan 22, 2021	284.50	282.00	288.50	280.00	4.86M	+0.89%
Jan 21, 2021	282.00	278.00	282.00	277.50	3.63M	+2.17%
Jan 20, 2021	276.00	284.00	285.00	275.00	4.82M	-3.16%
Jan 19, 2021	285.00	283.00	285.00	282.00	2.69M	+0.71%
Jan 18, 2021	283.00	286.00	286.00	279.00	3.29M	-1.39%
Jan 15, 2021	287.00	289.00	291.50	283.50	4.65M	-0.35%
Jan 14, 2021	288.00	289.50	291.50	284.50	4.93M	-0.17%
Jan 13, 2021	288.50	285.00	295.00	283.00	6.42M	+2.67%
Jan 12, 2021	281.00	285.00	287.00	280.00	5.03M	-0.88%
Jan 11, 2021	283.50	282.50	287.50	279.00	6.36M	+1.43%
Jan 08, 2021	279.50	265.00	280.00	264.50	11.16M	+6.88%
Jan 07, 2021	261.50	255.00	265.50	252.50	7.33M	+2.95%
Jan 06, 2021	254.00	254.00	255.00	250.00	3.00M	+0.40%
Jan 05, 2021	253.00	251.00	253.00	250.50	1.96M	+0.80%
Jan 04, 2021	251.00	250.50	252.50	250.00	1.54M	+0.20%